,Q0,Q1,Q2,Q3,Q4,Q5,Q6,Q7,Q8,Q9,Q10,Q11,Q12,Q13,Q14,Q15,Q16,Q17,Q18,Q19,Q20,Q21,Q22,Q23,Q24,Q25,Q26,Q27,Q28,Q29,Q30,Q31,Q32,Q33,Q34,Q35,Q36,Q37,Q38,Q39,Q40,Q41,Q42,Q43,Q44,Q45,Q46,Q47,Q48,Q49,Q50
Answer,"
Yes. 
---------------------
Explanation: 
The text explicitly states: ""Abraham Lincoln (February 12, 1809 â April 15, 1865) was the sixteenth President of the United States, serving from March 4, 1861 until his assassination."" 
","
**No.** The provided text states that the National Banking Acts of 1863, 1864, and 1865 were created to allow the creation of a strong national financial system. It does not mention Lincoln signing any of these acts. 
","
No, the context does not state that his mother died of pneumonia. 
","18 months. 
","1832. 
","
The Legal Tender Act of 1862 established the United States Note, the first paper currency in United States history. 
","11-year-old Grace Bedell. 
","
The Gettysburg Address argued that America was born in **1776**. 
","
Yes, Lincoln won the 1860 election. 
---------------------
Answer: 
Yes, Lincoln won the 1860 election. 
---------------------
Answer: 
Yes, Lincoln won the 1860 election. 
---------------------
Answer: 
Yes, Lincoln won the 1860 election. 
","
No. 
---------------------
Explanation: 
The provided text states that Abraham Lincoln was the sixteenth President of the United States.  It also mentions that the first president of the United States was George Washington. 
","
Yes. 
Explanation: 
The text states that Lincoln began his political career in 1832, at age 23, with an unsuccessful campaign for the Illinois General Assembly. 
","
Yes, Lincoln represented the Alton & Sangamon Railroad in a dispute with a shareholder, James A. Barret. 
","
 Hardin County, Kentucky 
","
March 4, 1861 
","
John Wilkes Booth 
","
Yes, Lincoln won the election of 1860. 
","
Lee's invasion of Maryland prompted Lincoln to restore McClellan to command of all forces around Washington in time for the Battle of Antietam. 
 
","
Lincoln issued the Emancipation Proclamation for several reasons. First, it was a war measure to weaken the rebellion by destroying the economic base of its leadership class. Second, it showed that Lincoln had the support of Congress in liberating slaves owned by rebels. Third, it was a way to make the abolition of slavery an official war goal. 
","
Yes. 
---------------------
Explanation: 
The text states: ""Scholars now rank Lincoln among the top three U.S. Presidents, with the majority of those surveyed placing him first."" 
","
No, Lincoln had about 18 months of schooling. 
","
Yes. 
---------------------
Explanation: 
The text clearly states that Lincoln was elected as the 16th President of the United States on November 6, 1860. 
","
**7** 
---------------------
Explanation: 
The text states that Lincoln was ""just seven years old when, in 1816, the family was forced to make a new start in Perry County (now in Spencer County), Indiana."" 
","1846. 
","
---------------------
Lincoln's legal career lasted for **23 years**. 
","
The trial where Lincoln used a Farmers' Almanac to show that an eyewitness had lied on the stand was the case of William ""Duff"" Armstrong, who was charged with murder. 
","
Yes. 
The text states that the Sinking Spring Farm, where Lincoln was born, was located in the ""frontier."" 
","
Yes, the text states that Lincoln's wife's family were slave-owning. 
","
Lorenzo Romano Amedeo Carlo Avogadro, Count of Quaregna and Cerreto. 
","
John Adams 
","1811. 
","
He was elected Lucasian Professor of Mathematics in 1669. 
He became a professor of jurisprudence and political economy at Princeton in 1890. 
He became a professor of physics at the MusÃ©um National d'Histoire Naturelle in 1892. 
He became a professor of physics in the Como high school in 1774. 
He became a professor of law in Atlanta in 1882. 
He became a professor of history and political science at Johns Hopkins University in 1886. 


","
Yes, it is true that he became a professor of physics at the University of Turin in 1820. 
","
Yes. 
---------------------
Explanation: 
The text explicitly states: ""He is most noted for his contributions to the theory of molarity and molecular weight.  **He is most noted for his contributions to the theory of molarity and molecular weight.  He is most noted for his contributions to the theory of molarity and molecular weight.  He is most noted for his contributions to the theory of molarity and molecular weight.  He is most noted for his contributions to the theory of molarity and molecular weight.  He is most noted for his contributions to the theory of molarity and molecular weight.  He is most noted for his contributions to the theory of molarity and molecular weight.  He is most noted for his contributions to the theory of molarity and molecular weight.  He is most noted for his contributions to the theory of molarity and molecular weight.  He is most noted for his contributions to the theory of molarity and molecular weight.  He is most noted for his contributions to the theory of molarity and molecular weight.  He is most noted for his contributions to the theory of molarity and molecular weight.  He is most noted for his contributions to the theory of molarity and molecular weight.  He is most","
Yes. 
---------------------
","
Yes. 
Explanation: 
The text explicitly states that ""He is most noted for his contributions to the theory of molarity and molecular weight."" 
","
Yes. 
---------------------
Explanation: 
The text explicitly states that King Victor Emmanuel III was present at the meeting in Turin to commemorate the 100th anniversary of Avogadro's publication. 
","
Yes. 
Explanation: 
The text states that ""Avogadro's number is commonly used to compute the results of chemical reactions."" 
","
Yes. The text states that ""The scientific community did not reserve great attention to his theory, so Avogadro's hypothesis was not immediately accepted when announced."" 
","
**Essay on Determining the Relative Masses of the Elementary Molecules of Bodies** 
","
Joseph Henry was elected to the 25th Congress. 
","
Anders Celsius 
","
* The SI unit of power, the watt
* Over 50 roads or streets in the UK
* The largest power plant complex in Serbia, the TPP Nikola Tesla
* Belgrade Nikola Tesla Airport
* Tesla Motors
* The ballistic missile submarine Abraham Lincoln (SSBN-602)
* The aircraft carrier Abraham Lincoln (CVN-72)
* The SI unit of charge, the coulomb
* Pascal's law
* Pascal's triangle
* Pascal's wager
* The Toyota Alessandro Volta
* The Volta Crater on the Moon
* A technology company named their loan origination platform Volta
* The name Pascal has been given to the SI unit of pressure
* The name Pascal has been given to a programming language
* The name Pascal has been given to Pascal's law
* The name Pascal has been given to Pascal's triangle
* The name Pascal has been given to Pascal's wager
* The electric car company Tesla Motors
* The Liberty ship, SS Nancy Hanks
* The International Brigades
* The name Pascal has been given to the SI unit of pressure
* The name Pascal has been given to a programming language
* The name Pascal has been given to Pascal'","
**John Adams published a collection of his personal library in 1958.** 
","
No, the provided text states that John published a collection of observations of the aurora borealis in 1733. 
","
Yes, the text states that Anders Celsius's thermometer had 100 for the freezing point of water. 
","
Yes. 
---------------------
","
Yes. 
---------------------
","
Yes. 
","
Anders Celsius 
","
The Celsius crater on the Moon is a **crater**. 
","
Yes. 
"
retrieval_time,2.823582638055086,2.4256923189386725,2.4754693787544966,2.627283448819071,2.6617208239622414,2.261283258907497,2.4548037950880826,2.3229534327983856,2.499626017175615,2.3978660721331835,2.4417838430963457,2.4602520749904215,2.443175501190126,2.562803482171148,2.4165947451256216,2.331269048154354,2.3768198951147497,2.438982328865677,2.6705831517465413,2.432041115127504,2.3860129481181502,2.2910089041106403,2.3606037539429963,2.4246029192581773,2.4721153839491308,2.4356467998586595,2.534854399971664,2.495270560029894,2.617924871854484,2.5493914326652884,2.416460275184363,2.5798508380539715,2.2487428206950426,2.4343723617494106,2.43004934489727,2.4208057071082294,2.64365994092077,2.5078538600355387,2.188467089086771,2.222669336013496,2.64429625403136,2.81885536108166,2.395362261682749,2.7266020071692765,2.826561656780541,2.5406667930074036,2.6007764730602503,2.400246457196772,2.730673937126994,2.451501295901835,2.493992400355637
llm_response_time,12.577808565925807,18.604046838358045,11.767571818083525,8.773734849877656,7.50355353904888,15.430897246580571,6.512704615946859,12.888976534828544,22.864891569130123,11.632917928975075,11.56074975989759,16.15549240168184,12.11916571808979,8.5739317513071,11.156624482013285,14.032617003191262,11.679809686727822,15.138016191776842,12.479925205931067,8.179502420127392,17.3976782951504,15.324330714996904,3.7022906951606274,12.455409610178322,14.369420522358268,15.246866475790739,12.720422584097832,11.132985290139914,10.282988878898323,6.012397562153637,19.02369658416137,9.552622930146754,27.22382289590314,6.779659760184586,13.113867369946092,9.420104207005352,11.934767350088805,10.545415373984724,6.783102246932685,5.479153857100755,7.034138684626669,26.47635566908866,4.941121885087341,10.544483825098723,7.793865180108696,5.2791506866924465,6.2945656990632415,4.749133481178433,6.06925047095865,4.932858788874,4.6032705483958125
embedding_tokens,2,2,2,2,2,2,2,2,2,2,2,2,2,2,2,2,2,2,2,2,2,2,2,2,2,2,2,2,2,2,2,2,2,2,2,2,2,2,2,2,2,2,2,2,2,2,2,2,2,2,2
llm_prompt_tokens,567,1095,859,701,590,1056,482,942,1268,663,676,1120,955,641,890,1031,747,785,752,595,1095,891,279,910,922,1037,911,791,827,479,728,622,521,528,854,489,774,633,474,380,569,475,299,765,496,412,493,383,495,332,383
llm_completion_tokens,71,58,17,6,7,28,12,18,78,46,43,26,7,12,6,16,33,69,43,15,44,55,7,18,38,29,21,21,5,7,124,27,256,8,34,47,33,36,17,15,5,256,20,27,26,8,8,5,5,15,5
total_llm_token_count,638,1153,876,707,597,1084,494,960,1346,709,719,1146,962,653,896,1047,780,854,795,610,1139,946,286,928,960,1066,932,812,832,486,852,649,777,536,888,536,807,669,491,395,574,731,319,792,522,420,501,388,500,347,388
