,Q0,Q1,Q2,Q3,Q4,Q5
Answer,"
Yes. 
---------------------
","
Yes. 
Explanation: 
The text states that the National Banking Acts of 1863, 1864, and 1865 allowed the creation of a strong national financial system.  It also states that Lincoln approved the creation of the system of national banks. 
","
The provided text does not mention anything about Tesla's mother dying of pneumonia. 
","18 months 
","1832. 
","
The Legal Tender Act of 1862 established the United States Note, the first paper currency in United States history. 
"
